{
    "loss": 2.770060558841653,
    "accuracy": 0.4245,
    "precision": 0.4432513690540105,
    "recall": 0.6524419155998104,
    "f1": 0.5278772378516624
}