{
    "loss": 2.7836149489234128,
    "accuracy": 0.4191,
    "precision": 0.44024337244676226,
    "recall": 0.6404299035877983,
    "f1": 0.5217951194385422
}