{
    "loss": 2.785611816465038,
    "accuracy": 0.4309,
    "precision": 0.44094733561857274,
    "recall": 0.6709340919867236,
    "f1": 0.5321549454682211
}