{
    "loss": 2.7771591674791622,
    "accuracy": 0.427,
    "precision": 0.4410993391377321,
    "recall": 0.6646119804014541,
    "f1": 0.5302648171500631
}