{
    "loss": 2.7638571980881363,
    "accuracy": 0.461,
    "precision": 0.47153828777953466,
    "recall": 0.659870396712502,
    "f1": 0.5500296423160529
}