{
    "loss": 2.6550231706606198,
    "accuracy": 0.4682,
    "precision": 0.42523997429628846,
    "recall": 0.4150294989894625,
    "f1": 0.3893295754033342
}