{
    "loss": 2.7559375232213164,
    "accuracy": 0.45,
    "precision": 0.3662266788782271,
    "recall": 0.5342111915779605,
    "f1": 0.4320574007755809
}