{
    "loss": 2.789074190476446,
    "accuracy": 0.4244,
    "precision": 0.44107029093225736,
    "recall": 0.6565512881302354,
    "f1": 0.5276595744680851
}