{
    "loss": 2.771043254088049,
    "accuracy": 0.4655,
    "precision": 0.478422955264347,
    "recall": 0.6693535640904063,
    "f1": 0.5580077738981487,
    "acc_va": 0.2593,
    "acc_ta": 0.4276,
    "acc_tv": 0.4293,
    "acc_t": 0.4529,
    "acc_v": 0.2592,
    "acc_a": 0.2593
}