{
    "loss": 3.149927310747643,
    "accuracy": 0.3255,
    "precision": 0.35692651044157503,
    "recall": 0.7077603919709183,
    "f1": 0.4745403486462142,
    "acc_va": 0.3296,
    "acc_ta": 0.3022,
    "acc_tv": 0.2999,
    "acc_t": 0.2891,
    "acc_v": 0.3056,
    "acc_a": 0.3288
}