{
    "loss": 2.7066760724537993,
    "accuracy": 0.4391,
    "precision": 0.49267498643516006,
    "recall": 0.5740477319424688,
    "f1": 0.5302576830425579,
    "acc_va": 0.2593,
    "acc_ta": 0.4147,
    "acc_tv": 0.4001,
    "acc_t": 0.4043,
    "acc_v": 0.2535,
    "acc_a": 0.2561
}