{
    "loss": 2.683441586690406,
    "accuracy": 0.4538,
    "precision": 0.4972330948845998,
    "recall": 0.5822664770033191,
    "f1": 0.5364006988934188,
    "acc_va": 0.2776,
    "acc_ta": 0.4266,
    "acc_tv": 0.4193,
    "acc_t": 0.411,
    "acc_v": 0.2591,
    "acc_a": 0.2599
}