{
    "loss": 2.849724081281113,
    "accuracy": 0.4721,
    "precision": 0.46863107535065784,
    "recall": 0.6812075233127864,
    "f1": 0.5552692604998711,
    "acc_va": 0.2593,
    "acc_ta": 0.4205,
    "acc_tv": 0.4431,
    "acc_t": 0.4482,
    "acc_v": 0.2593,
    "acc_a": 0.2396
}