{
    "loss": 2.903746052964093,
    "accuracy": 0.4514,
    "precision": 0.4501035196687371,
    "recall": 0.6872135293187924,
    "f1": 0.5439419528366798,
    "acc_va": 0.2593,
    "acc_ta": 0.3749,
    "acc_tv": 0.4596,
    "acc_t": 0.4357,
    "acc_v": 0.2593,
    "acc_a": 0.2593
}