{
    "loss": 2.801023105235949,
    "accuracy": 0.4672,
    "precision": 0.47291133607742797,
    "recall": 0.671882408724514,
    "f1": 0.5551057717419692,
    "acc_va": 0.2593,
    "acc_ta": 0.4496,
    "acc_tv": 0.4488,
    "acc_t": 0.4552,
    "acc_v": 0.2593,
    "acc_a": 0.2593
}