{
    "loss": 2.8350380610113275,
    "accuracy": 0.4708,
    "precision": 0.4680943110534285,
    "recall": 0.6840524735261577,
    "f1": 0.5558338149361073,
    "acc_va": 0.2593,
    "acc_ta": 0.4253,
    "acc_tv": 0.4408,
    "acc_t": 0.4489,
    "acc_v": 0.2593,
    "acc_a": 0.2525
}