{
    "loss": 2.8546827590628845,
    "accuracy": 0.4648,
    "precision": 0.4633916413533047,
    "recall": 0.6992255413308045,
    "f1": 0.557389441854605,
    "acc_va": 0.2609,
    "acc_ta": 0.4538,
    "acc_tv": 0.429,
    "acc_t": 0.4469,
    "acc_v": 0.3621,
    "acc_a": 0.2599
}