{
    "loss": 2.7782518381941808,
    "accuracy": 0.4552,
    "precision": 0.4606950992215766,
    "recall": 0.6641378220325589,
    "f1": 0.544018643190057,
    "acc_va": 0.3205,
    "acc_ta": 0.4181,
    "acc_tv": 0.4402,
    "acc_t": 0.4346,
    "acc_v": 0.124,
    "acc_a": 0.2593
}