{
    "loss": 2.764402051494546,
    "accuracy": 0.4227,
    "precision": 0.4431941138281757,
    "recall": 0.6473842263315948,
    "f1": 0.5261738069240157
}