{
    "loss": 2.74707042354427,
    "accuracy": 0.4477,
    "precision": 0.4604818489043933,
    "recall": 0.6676149834044571,
    "f1": 0.5450322580645162
}