{
    "loss": 2.7861402391183514, 
    "conf_loss": 0.06412656811015743, 
    "accuracy": 0.425, 
    "precision": 0.35264779256737366, 
    "recall": 0.4947649279563948, 
    "f1": 0.4086864217130084, 
    "dynamic_model_loss": 2.7980382307742766, 
    "dynamic_model_accuracy": 0.4202, 
    "dynamic_model_precision": 0.35900945417801283, 
    "dynamic_model_recall": 0.48651757832134407, 
    "dynamic_model_f1": 0.4045144615843829
}