{
    "loss": 2.9090809969052875,
    "accuracy": 0.4116,
    "precision": 0.49485672299779576,
    "recall": 0.42579421526789946,
    "f1": 0.45773511171523235,
    "acc_va": 0.2266,
    "acc_ta": 0.3679,
    "acc_tv": 0.366,
    "acc_t": 0.2818,
    "acc_v": 0.2266,
    "acc_a": 0.2266
}