{
    "loss": 3.0025422132178528,
    "accuracy": 0.4216,
    "precision": 0.41379008235500264,
    "recall": 0.7464833254306938,
    "f1": 0.532438983146384,
    "acc_va": 0.2829,
    "acc_ta": 0.4036,
    "acc_tv": 0.4467,
    "acc_t": 0.4306,
    "acc_v": 0.2814,
    "acc_a": 0.2823
}