{
    "loss": 2.9228696578169524,
    "accuracy": 0.4465,
    "precision": 0.44136043784206413,
    "recall": 0.7137663979769243,
    "f1": 0.5454435654326953,
    "acc_va": 0.2828,
    "acc_ta": 0.4364,
    "acc_tv": 0.4534,
    "acc_t": 0.4333,
    "acc_v": 0.2821,
    "acc_a": 0.2823
}