{
    "loss": 2.9138125344498516,
    "accuracy": 0.4243,
    "precision": 0.42062549485352335,
    "recall": 0.6717243559348822,
    "f1": 0.5173148317205283,
    "acc_va": 0.2828,
    "acc_ta": 0.3894,
    "acc_tv": 0.4087,
    "acc_t": 0.3624,
    "acc_v": 0.2828,
    "acc_a": 0.2907
}