{
    "loss": 2.95063423457211,
    "accuracy": 0.3869,
    "precision": 0.4349756516757376,
    "recall": 0.4800063221115853,
    "f1": 0.4563828987902923,
    "acc_va": 0.2266,
    "acc_ta": 0.3568,
    "acc_tv": 0.3483,
    "acc_t": 0.2626,
    "acc_v": 0.2266,
    "acc_a": 0.2266
}