{
    "loss": 3.0031828031148,
    "accuracy": 0.4322,
    "precision": 0.42704162398733586,
    "recall": 0.7248300932511459,
    "f1": 0.5374428688620649,
    "acc_va": 0.2842,
    "acc_ta": 0.3843,
    "acc_tv": 0.4559,
    "acc_t": 0.4399,
    "acc_v": 0.2856,
    "acc_a": 0.2826
}