{
    "loss": 3.081211820968395, 
    "conf_loss": 0.04118926898961352, 
    "accuracy": 0.3869, 
    "precision": 0.3184404479354291, 
    "recall": 0.6948630407617751, 
    "f1": 0.4290355630738243, 
    "dynamic_model_loss": 5.232352822852534, 
    "dynamic_model_accuracy": 0.2149, 
    "dynamic_model_precision": 0.2153330759079739, 
    "dynamic_model_recall": 0.9201679534064744, 
    "dynamic_model_f1": 0.327306044050769
}
