{
    "loss": 2.8997835672065,
    "accuracy": 0.4235,
    "precision": 0.5214998981047483,
    "recall": 0.404457088667615,
    "f1": 0.4555812711411785,
    "acc_va": 0.2828,
    "acc_ta": 0.4226,
    "acc_tv": 0.4229,
    "acc_t": 0.4219,
    "acc_v": 0.2828,
    "acc_a": 0.2828
}