{
    "loss": 2.8488145267840514,
    "accuracy": 0.4295,
    "precision": 0.5367425870219167,
    "recall": 0.39481586850007905,
    "f1": 0.4549676714324743,
    "acc_va": 0.4295,
    "acc_ta": 0.4295,
    "acc_tv": 0.4295,
    "acc_t": 0.4295,
    "acc_v": 0.4295,
    "acc_a": 0.4295
}