{
    "loss": 2.8859308027241326,
    "accuracy": 0.4294,
    "precision": 0.5362877328195247,
    "recall": 0.3959222380275012,
    "f1": 0.4555373704309874,
    "acc_va": 0.2828,
    "acc_ta": 0.3926,
    "acc_tv": 0.3924,
    "acc_t": 0.3685,
    "acc_v": 0.2828,
    "acc_a": 0.2828
}