{
    "loss": 2.7559375232213164,
    "accuracy": 0.45,
    "precision": 0.45557894736842103,
    "recall": 0.6840524735261577,
    "f1": 0.5469135022430024
}